{"RBZsdXoh7nGd46yodERXXw==":"vm%20temp-122x122.png","IA/G4Q/Yqpw4YrTJ4ubnNQ==":"vm%20temp-192x192.png","1ZmtyWobrOvP1fhQX+RKUQ==":"mbr-696x582.png","DMKH65OxeZseMNraJd0RNA==":"mbr-696x531.png","50y51TU/BDO2ryCCM4x9Yg==":"mbr-1920x1202.jpg","nDC+cfB3WWiR60iwmnNacA==":"mbr-1920x1280.jpg","Ljc8B8gGsvk7V06+3zRrig==":"mbr-1-1920x1280.jpg","26USZhNsEIQMuctgbdsVsg==":"mbr-1920x1440.jpg","7e06HnsF1UN7UwiBLdUS8g==":"mbr-1-1920x1440.jpg","cbqHw01F2sGIGJZFRPvQxQ==":"plain%20black-2000x1125.jpg","Sj1F9EJo2J4FZO5xhOhSMQ==":"mbr-1920x1355.jpg","jtzRe/MM7nTNVqKae/zLuw==":"mbr-2-1920x1280.jpg","vmPKmawnCnF3NuHoThBzkQ==":"mbr-844x562.jpg","VyathrftZKm8kTFgnX0khw==":"mbr-1060x707.png"}